text,location,textHuman
"[""stephenizmaname"",""i"",""guess"",""the"",""whole"",""nation"",""shouldve"",""been"",""put"",""on"",""lockdown"",""simultaneously"",""cos"",""this"",""looks"",""like"",""some"",""cos"",""bi""]","[20.39722,41.15667]",@StephenIzmaname I guess the whole nation should‚Äôve been put on lockdown simultaneously! Cos this looks like some cos 90 bi
"[""philamellows"",""este"",""gobierno"",""ha"",""conseguido"",""algo"",""insolito"",""que"",""el"",""coronavirus"",""haya"",""dejado"",""de"",""ser"",""la"",""primera"",""preocupacion"",""de"",""los"",""espanoles""]","[124.38167,11.62028]"," @PhilAMellows: Este Gobierno ha conseguido algo ins√≥lito: que el coronavirus haya dejado de ser la primera preocupaci√≥n de los espa√±oles‚Ä¶"
"[""nikkansports"",""covid"",""httpstcoagfdfsebeq""]","[135.98333,33.73333]"," @nikkansports: Ë≠¶ÂÇôÂì°„ÇÇË´¶„ÇÅ„É†„Éº„Éâ‚Ä¶ÁõÆÈªíÂ∑ù„Å´ÊåáÁ§∫„Å´Âæì„Çè„Å™„ÅÑËä±Ë¶ãÂÆ¢ 
#ÁõÆÈªíÂ∑ù #COVID19 
https://t.co/AgFdFSEbeQ"
"[""tobirachel"",""i"",""survived"",""coronavirus"",""spent"",""nearly"",""weeks"",""indoors"",""in"",""quarantine"",""as"",""my"",""body"",""fought"",""it"",""off"",""yesterday"",""i"",""took"",""my"",""first""]","[3.34509,7.15571]"," @TobiRachel_: I survived coronavirus. Spent nearly 2 weeks indoors + in quarantine as my body fought it off. Yesterday, I took my first‚Ä¶"
"[""noconversion"",""china"",""made"",""empty"",""hospital"",""for"",""people"",""in"",""days"",""india"",""converted"",""trains"",""into"",""mobile"",""hospital"",""making"",""beds"",""w""]","[-94.9027,29.38385]"," @noconversion: #china made empty hospital for 1000 people in 10 days ...#INDIA converted trains into mobile hospital making 7000+ beds w‚Ä¶"
"[""evavlaar"",""de"",""economische"",""gevolgen"",""van"",""de"",""coronacrisis"",""zijn"",""voor"",""nederland"",""nog"",""niet"",""te"",""overzien"",""maar"",""kaag"",""gooit"",""het"",""geld"",""alvast"",""met"",""bak""]","[-83.40021,42.3242]"," @EvaVlaar: De economische gevolgen van de coronacrisis zijn voor Nederland nog niet te overzien, maar Kaag gooit het geld alvast met bak‚Ä¶"
"[""davemacladd"",""breaking"",""big"",""row"",""at"",""the"",""daily"",""mail"",""office"",""over"",""whether"",""to"",""officially"",""blame"",""coronavirus"",""on"",""china"",""the"",""eu"",""immigrants"",""or"",""m""]","[146.35152,-41.17695]"," @davemacladd: BREAKING: big row at the Daily Mail office over whether to officially blame #coronavirus on China, the EU, immigrants or M‚Ä¶"
"[""binfos"",""en"",""floride"",""le"",""gouverneur"",""proche"",""de"",""trump"",""refuse"",""dordonner"",""le"",""confinement"",""par"",""contre"",""certaines"",""villes"",""le"",""font"",""mais"",""d""]","[-80.38333,43.2]"," @B3infos: üá∫üá∏En Floride, le Gouverneur, proche de Trump, refuse d'ordonner le confinement. Par contre, certaines villes le font.  Mais d'‚Ä¶"
"[""ncdcgov"",""fourteen"",""new"",""cases"",""of"",""covid"",""have"",""been"",""reported"",""in"",""nigeria"",""in"",""lagos"",""and"",""in"",""fct"",""as"",""at"",""pm"",""th"",""march"",""there"",""are""]","[3.39467,6.45407]"," @NCDCgov: Fourteen new cases of #COVID19 have been reported in Nigeria; 9 in Lagos and 5 in FCT

As at 09:30 pm 29th March there are 111‚Ä¶"
"[""loran"",""creteil"",""toujours"",""a"",""lhopital"",""henry"",""mondor"",""le"",""cri"",""de"",""detresse"",""un"",""infirmier"",""anesthesiste"",""aux"",""ide"",""de"",""rean""]","[1.09005,49.40972]"," @loran076: #Cr√©teil 

‚≠ïÔ∏è‚≠ïÔ∏è..Toujours A L‚Äô#hopital Henry Mondor ...‚ÄºÔ∏è

üî•...Le Cri De D√©tresse 'un infirmier anesth√©siste aux IDE de #r√©an‚Ä¶"
"[""nicolasmeilhan"",""jean"",""laherrere"",""vient"",""de"",""terminer"",""amp"",""publier"",""la"",""mise"",""a"",""jour"",""de"",""ses"",""linearisations"",""de"",""hubbert"",""appliquees"",""au"",""coronavirus""]","[-0.43635,44.75056]"," @NicolasMeilhan: Jean Laherr√®re vient de terminer &amp; publier la mise √† jour de ses lin√©arisations de Hubbert appliqu√©es au #coronavirus -‚Ä¶"
"[""glennkirschner"",""what"",""are"",""the"",""possible"",""legal"",""consequences"",""of"",""trumps"",""coronavirus"",""lies"",""httpstcorxdhlnt"",""via"",""youtube""]","[-94.9027,29.38385]"," @glennkirschner2: What are the possible legal consequences of Trump's coronavirus lies? https://t.co/rx0d4HLnt2 via @YouTube"
"[""conflitsfr"",""pandemie"",""de"",""coronavirus"",""pas"",""un"",""seul"",""des"",""patients"",""intube"",""et"",""ventile"",""en"",""reanimation"",""en"",""chine"",""na"",""pu"",""regagner"",""son"",""do""]","[3.17456,50.69421]"," @Conflits_FR: üá®üá≥ Pand√©mie de #coronavirus : ""pas un seul"" des patients intub√© et ventil√© en r√©animation en #Chine n'a pu regagner son do‚Ä¶"
"[""realdonaldtrump"",""president"",""trump"",""is"",""a"",""ratings"",""hit"",""since"",""reviving"",""the"",""daily"",""white"",""house"",""briefing"",""mr"",""trump"",""and"",""his"",""coronavirus"",""updates""]","[-87.77305,30.88296]"," @realDonaldTrump: ‚ÄúPresident Trump is a ratings hit. Since reviving the daily White House briefing Mr. Trump and his coronavirus updates‚Ä¶"
"[""popobadman"",""me"",""transferring"",""money"",""from"",""my"",""current"",""to"",""my"",""savings"",""account""]","[3.39467,6.45407]"," @popo_Badman: Me transferring money from my current to my savings account:"
"[""hlgatell"",""la"",""sociedad"",""empresas"",""y"",""gobierno"",""tenemos"",""la"",""posibilidad"",""de"",""reducir"",""el"",""contagio"",""de"",""covid"",""aprovechemos"",""esta"",""ultima"",""oportuni""]","[-121.28594,51.64982]"," @HLGatell: La sociedad, empresas y gobierno tenemos la posibilidad de reducir el contagio de #COVID19. Aprovechemos esta √∫ltima oportuni‚Ä¶"
"[""businessinsider"",""boris"",""johnsons"",""government"",""is"",""reportedly"",""furious"",""with"",""china"",""and"",""believes"",""it"",""could"",""have"",""times"",""more"",""coronavirus"",""cases""]","[12.42241,50.35103]"," @businessinsider: Boris Johnson's government is reportedly furious with China and believes it could have 40 times more coronavirus cases‚Ä¶"
"[""thank"",""you"",""for"",""all"",""you"",""did"",""to"",""help"",""people"",""throughout"",""the"",""coronavirus"",""pandemic"",""in"",""the"",""uk"",""rip"",""amged"",""elhawrani"",""httpstcorzczcqga""]","[-1.23483,54.57623]","Thank you for all you did to help people throughout the coronavirus pandemic in the UK üíô RIP

* Amged el-Hawrani 55‚Ä¶ https://t.co/rz9CzC9qGA"
"[""bazziesmith"",""taiwan"",""a"",""country"",""of"",""million"",""and"",""miles"",""from"",""china"",""has"",""had"",""a"",""total"",""of"",""coronavirus"",""deaths"",""total"",""cases"",""thei""]","[-91.96903,34.54426]"," @BazzieSmith: Taiwan - a country of 21 million and 80 miles from China, has had a total of 2 Coronavirus deaths ( total cases 283). Thei‚Ä¶"
"[""espana"",""no"",""puede"",""pedir"",""medicos"",""cubanos"",""porque"",""al"",""gobierno"",""le"",""da"",""miedito"",""lo"",""que"",""diria"",""la"",""oposicion"",""y"",""mas"",""aun"",""lo"",""que"",""httpstconyrdjbwnmx""]","[-3.53196,39.46823]","Espa√±a no puede pedir m√©dicos cubanos, porque al gobierno le da miedito lo que dir√≠a la oposici√≥n, y m√°s a√∫n lo que‚Ä¶ https://t.co/NYRdJbwnmX"
"[""los"",""ciberdelitos"",""se"",""disparan"",""aprovechando"",""la"",""crisis"",""del"",""coronavirus"",""httpstcopqauegqed""]","[-5.97317,37.38283]",Los ciberdelitos se disparan aprovechando la crisis del coronavirus https://t.co/pQaUEG5QED
"[""danielandrewsmp"",""speaks"",""about"",""declaring"",""a"",""state"",""of"",""disaster"",""in"",""vic"",""that"",""will"",""be"",""done"",""on"",""advice"",""we"",""have"",""all"",""t"",""httpstcobpjcqgrc""]","[116.7678,-31.88809]",".@DanielAndrewsMP speaks about declaring a state of disaster in VIC - ""That will be done on advice... We have all t‚Ä¶ https://t.co/Bpjc2Q3grc"
"[""soundofyogi"",""at"",""least"",""it"",""can"",""be"",""used"",""as"",""a"",""good"",""example"",""of"",""what"",""would"",""a"",""lockdown"",""gonna"",""be"",""look"",""like"",""especially"",""if"",""y"",""httpstcorovbce""]","[99.55762,0.27293]",@SoundOfYogi At least it can be used as a good example of what would a lockdown gonna be look like (especially if y‚Ä¶ https://t.co/77roVBCE04
"[""natureiscruei"",""spotted"",""malabar"",""civet"",""a"",""critically"",""endangered"",""mammal"",""not"",""seen"",""until"",""resurfaces"",""for"",""the"",""first"",""time"",""in"",""india"",""durin""]","[-1.55336,47.21725]"," @NatureisCrueI: Spotted Malabar civet... A critically endangered mammal not seen until 1990 resurfaces for the first time in India durin‚Ä¶"
"[""eluniversalcl"",""acusan"",""que"",""evangelicos"",""de"",""osorno"",""realizaron"",""culto"",""y"",""contagiaron"",""gran"",""cantidad"",""de"",""personas"",""con"",""coronavirus"",""httpstco""]","[-70.64827,-33.45694]"," @ElUniversalCL: Acusan que evang√©licos de Osorno realizaron culto y contagiaron gran cantidad de personas con coronavirus.

https://t.co‚Ä¶"
"[""namjooncito"",""just"",""because"",""you"",""are"",""young"",""does"",""not"",""mean"",""that"",""this"",""virus"",""can"",""be"",""mild"",""for"",""you"",""our"",""youngest"",""patient"",""today"",""could"",""barely"",""speak""]","[20.91548,64.72587]"," @namjooncito: just because you're young doesn't mean that this virus can be mild for you, our youngest patient today could barely speak‚Ä¶"
"[""pximenez"",""como"",""frenas"",""al"",""coronavirus"",""con"",""millones"",""de"",""personas"",""sin"",""seguro"",""que"",""temen"",""la"",""factura"",""del"",""medico"",""millones"",""sin"",""bajas"",""pag""]","[-78.52495,-0.22985]"," @pximenez: C√≥mo frenas al coronavirus con: 27 millones de personas sin seguro que temen la factura del m√©dico; 30 millones sin bajas pag‚Ä¶"
"[""politicususa"",""reminder"",""we"",""livetweet"",""these"",""coronavirus"",""briefings"",""to"",""fact"",""check"",""them"",""trump"",""rattles"",""off"",""lies"",""in"",""seconds"",""about"",""co""]","[-126.67008,54.39976]"," @politicususa: Reminder: We live-tweet these coronavirus briefings to fact check them. 

Trump rattles off 3 lies in 58 seconds about co‚Ä¶"
"[""popobadman"",""me"",""transferring"",""money"",""from"",""my"",""current"",""to"",""my"",""savings"",""account""]","[5.23494,11.43522]"," @popo_Badman: Me transferring money from my current to my savings account:"
"[""fadlizon"",""fadli"",""zon"",""selain"",""wabah"",""covid"",""kita"",""juga"",""menghadapi"",""wabah"",""kedunguan"",""httpstcounlnvrjo""]","[99.55762,0.27293]"," @fadlizon: Fadli Zon: Selain wabah #COVID19 kita juga menghadapi ‚Äúwabah kedunguan‚Äù https://t.co/uNLnv1r4Jo"
"[""reforma"",""por"",""burocracia"",""falta"",""de"",""liderazgo"",""y"",""problemas"",""tecnicos"",""estados"",""unidos"",""perdio"",""un"",""mes"",""crucial"",""que"",""hubiera"",""frenado"",""el"",""nuevo"",""cor""]","[-93.36928,16.06191]"," @Reforma: Por burocracia, falta de liderazgo y problemas t√©cnicos, Estados Unidos perdi√≥ un mes crucial que hubiera frenado el nuevo cor‚Ä¶"
"[""ncdcgov"",""fourteen"",""new"",""cases"",""of"",""covid"",""have"",""been"",""reported"",""in"",""nigeria"",""in"",""lagos"",""and"",""in"",""fct"",""as"",""at"",""pm"",""th"",""march"",""there"",""are""]","[3.90591,7.37756]"," @NCDCgov: Fourteen new cases of #COVID19 have been reported in Nigeria; 9 in Lagos and 5 in FCT

As at 09:30 pm 29th March there are 111‚Ä¶"
"[""blancabragulat"",""em"",""pensava"",""que"",""era"",""un"",""treball"",""govern"",""pero"",""ja"",""que"",""doneu"",""les"",""dades"",""desquerraerc"",""us"",""heu"",""deixat"",""justiciacat"",""seguint""]","[2.15899,41.38879]"," @BlancaBragulat: Em pensava que era un treball  @govern per√≤ ja que doneu les dades d‚Äô@esquerra_ERC  us heu deixat @justiciacat seguint‚Ä¶"
"[""dghisham"",""seramai"",""individu"",""telah"",""diambil"",""sampel"",""untuk"",""saringan"",""covid"",""hasilnya"",""adalah"",""positif"",""termasuk"",""yang"",""tela""]","[99.73404,6.35423]"," @DGHisham: Seramai 37,674 individu telah diambil sampel untuk saringan #COVID19. 

Hasilnya, 2,470 adalah positif termasuk 388 yang tela‚Ä¶"
"[""poder"",""infografico"",""eis"",""a"",""margem"",""historica"",""da"",""evolucao"",""de"",""casos"",""do"",""novo"",""coronavirus"",""no"",""brasil"",""desde"",""o"",""diagnostico"",""confirmado"",""da""]","[-39.65111,-15.46417]"," @Poder360: #Infogr√°fico | Eis a margem hist√≥rica da evolu√ß√£o de casos do novo coronav√≠rus no Brasil desde o 1¬∫ diagn√≥stico confirmado da‚Ä¶"
"[""morandiniblog"",""coronavirus"",""une"",""societe"",""americaine"",""indique"",""avoir"",""cree"",""un"",""dispositif"",""de"",""depistage"",""portable"",""capable"",""de"",""determiner"",""en"",""m""]","[-0.62986,43.3703]"," @morandiniblog: Coronavirus : Une soci√©t√© am√©ricaine indique avoir cr√©√© un dispositif de d√©pistage portable capable de d√©terminer en 5 m‚Ä¶"
"[""jonnymoran"",""if"",""you"",""watch"",""anything"",""today"",""watch"",""an"",""entire"",""hood"",""on"",""lockdown"",""in"",""brooklyn"",""rapping"",""juicy"",""by"",""the"",""notorious"",""big"",""juicyyyy""]","[-1.54785,53.79648]"," @JonnyMoran1: If you watch anything today, watch an entire hood on lockdown in Brooklyn rapping Juicy by the notorious B.I.G. Juicyyyy !‚Ä¶"
"[""tobirachel"",""i"",""survived"",""coronavirus"",""spent"",""nearly"",""weeks"",""indoors"",""in"",""quarantine"",""as"",""my"",""body"",""fought"",""it"",""off"",""yesterday"",""i"",""took"",""my"",""first""]","[-1.62443,6.68848]"," @TobiRachel_: I survived coronavirus. Spent nearly 2 weeks indoors + in quarantine as my body fought it off. Yesterday, I took my first‚Ä¶"
"[""chaarlesrv"",""mon"",""arriere"",""grand"",""pere"",""de"",""ans"",""a"",""nique"",""le"",""coronavirus"",""il"",""sort"",""de"",""lhopital"",""wsh""]","[4.11921,49.29162]"," @Chaarlesrv: Mon arri√®re grand p√®re de 94 ans a niqu√© le coronavirus il sort de l‚Äôh√¥pital wsh"
"[""kgopinion"",""soared"",""past"",""k"",""coronavirius"",""covid"",""httpstcojiqpitfzre""]","[-87.77305,30.88296]"," @kgopinion: Soared past 5k!
#Coronavirius #COVID19 https://t.co/jiqPITFZre"
"[""fergalbowers"",""certainly"",""minister"",""harris"",""by"",""default"",""during"",""coronavirus"",""women"",""who"",""had"",""their"",""glands"",""n"",""cartilage"",""bon"",""httpstcocncvxncas""]","[-7.45,55.13333]","@FergalBowers Certainly
Minister Harris (by default)
during #Coronavirus
Women who had their glands n Cartilage bon‚Ä¶ https://t.co/CNCV0XncaS"
"[""lasillarota"",""confirma"",""guerrero"",""su"",""primer"",""deceso"",""por"",""coronavirus"",""en"",""la"",""entidad"",""esto"",""es"",""lo"",""que"",""sabemos"",""de"",""la"",""victima"",""httpstcoyccc""]","[6.38572,48.30741]"," @lasillarota: Confirma Guerrero su primer deceso por #coronavirus en la entidad. Esto es lo que sabemos de la v√≠ctima: https://t.co/YcCc‚Ä¶"
"[""ctxtes"",""en"",""mad"",""se"",""ha"",""producido"",""el"",""caos"",""sanitario"",""su"",""simbolo"",""los"",""geriatricos"",""privados"",""en"",""los"",""que"",""se"",""han"",""visto"",""situaciones"",""inhumanas""]","[-0.26667,38.91667]"," @ctxt_es: ""En MAD se ha producido el caos sanitario. Su s√≠mbolo: los geri√°tricos privados, en los que se han visto situaciones inhumanas‚Ä¶"
"[""biobio"",""actualizado"",""recibimos"",""el"",""certificado"",""del"",""examen"",""de"",""coronavirus"",""al"",""que"",""fue"",""sometido"",""la"",""persona"",""fallecida"",""es"",""negativo"",""a"",""corona""]","[-71.82605,-36.14311]"," @biobio: ACTUALIZADO üî¥ Recibimos el certificado del examen de coronavirus al que fue sometido la persona fallecida. Es NEGATIVO a corona‚Ä¶"
"[""coronavirus"",""pres"",""de"",""nouveaux"",""deces"",""enregistres"",""a"",""lhopital"",""en"",""heures"",""en"",""france"",""soit"",""morts"",""depuis"",""l"",""httpstcoxnpnwkk""]","[-80.38333,43.2]","#Coronavirus : pr√®s de 300 nouveaux d√©c√®s enregistr√©s √† l'h√¥pital en 24 heures en France, soit 2 606 morts depuis l‚Ä¶ https://t.co/XNp36NWKk2"
"[""davidboreanaz"",""so"",""when"",""covid"",""starts"",""to"",""go"",""away"",""how"",""do"",""we"",""deal"",""with"",""the"",""second"",""wave"",""of"",""it"",""and"",""the"",""flu"",""coming"",""in"",""oct"",""gonna"",""be"",""a"",""long""]","[-87.77305,30.88296]"," @David_Boreanaz: So when covid19 starts to go away, how do we deal with the second wave of it and the flu coming in OCT? Gonna be a long‚Ä¶"
"[""deborahvanessa"",""so"",""be"",""like"",""momo"",""vendors"",""no"",""go"",""dey"",""around"",""during"",""the"",""lockdown"",""or"",""coronavirusghana""]","[-0.00991,9.44272]"," @deborahvanessa7: So be like momo vendors no go dey around during the lockdown or? #CoronaVirusGhana"
"[""coronavirus"",""en"",""france"",""les"",""chiffres"",""des"",""deces"",""departement"",""par"",""departement"",""httpstcovkutjecht""]","[-80.38333,43.2]","Coronavirus en France¬†: les chiffres des d√©c√®s, d√©partement par d√©partement https://t.co/vku4tJecht"
"[""ncdcgov"",""fourteen"",""new"",""cases"",""of"",""covid"",""have"",""been"",""reported"",""in"",""nigeria"",""in"",""lagos"",""and"",""in"",""fct"",""as"",""at"",""pm"",""th"",""march"",""there"",""are""]","[7.49508,9.05785]"," @NCDCgov: Fourteen new cases of #COVID19 have been reported in Nigeria; 9 in Lagos and 5 in FCT

As at 09:30 pm 29th March there are 111‚Ä¶"
"[""reportan"",""incendio"",""al"",""interior"",""de"",""carcel"",""de"",""puente"",""alto"",""familiares"",""aseguran"",""que"",""hay"",""reclusos"",""contagiados"",""con"",""corona"",""httpstcojaxcragm""]","[-72.56084,-37.0982]",Reportan incendio al interior de c√°rcel de Puente Alto: familiares aseguran que hay reclusos contagiados con corona‚Ä¶ https://t.co/j1AXCRaG7m
"[""nicolaraiano"",""la"",""preghiera"",""in"",""diretta"",""con"",""la"",""compagnia"",""di"",""un"",""cattolico"",""puro"",""come"",""salvini"",""e"",""stato"",""il"",""gradino"",""piu"",""basso"",""della"",""televis""]","[10.90027,44.88974]"," @NicolaRaiano: La preghiera in diretta, con la compagnia di un cattolico ""puro"" come Salvini, √® stato il gradino pi√π basso della televis‚Ä¶"
"[""mbahndi"",""temanteman"",""ada"",""yang"",""tahu"",""menkes"",""dokter"",""terawan"",""di"",""mana"",""sekarang"",""keliatan"",""sangat"",""jarang"",""muncul"",""di"",""media"",""padahal"",""wabah"",""covid""]","[107.15278,-6.26111]"," @mbahndi: Teman-teman ada yang tahu Menkes Dokter Terawan di mana sekarang? Keliatan sangat jarang muncul di media padahal wabah #covid1‚Ä¶"
"[""weie"",""biodeutsche"",""meckern"",""dass"",""die"",""von"",""der"",""lokalen"",""mv"",""bevolkerung"",""weggescheucht"",""werden"",""weil"",""sie"",""das"",""coronavirus"",""httpstcokcpvoqcpm""]","[-1.15047,52.9536]","Wei√üe Biodeutsche meckern, dass die von der lokalen #MV Bev√∂lkerung weggescheucht werden, weil sie das #coronavirus‚Ä¶ https://t.co/kcPV8oqcPM"
"[""janephilpott"",""no"",""room"",""for"",""wishful"",""thinking"",""read"",""drejoanneliu"",""on"",""preparing"",""for"",""the"",""worst"",""httpstcobfqkdlobg"",""medical"",""facilitie""]","[-121.28594,51.64982]"," @janephilpott: No room for wishful thinking.
Read @DreJoanneLiu on preparing for the worst: https://t.co/B0fQKdloBg
1. Medical facilitie‚Ä¶"
"[""almostjingo"",""headline"",""baby"",""dead"",""from"",""coronavirus"",""reality"",""baby"",""has"",""been"",""in"",""hospital"",""for"",""four"",""weeks"",""with"",""bowel"",""blockage"",""and"",""organ"",""f""]","[-78.39086,43.09645]"," @almostjingo: ‚ö†Ô∏èHeadline: BABY DEAD FROM CORONAVIRUS
‚ö†Ô∏èReality: Baby has been in hospital for four weeks with bowel blockage and organ f‚Ä¶"
"[""ladysuspiros"",""gordoniverman"",""pijusmagnificvs"",""escrito"",""esta"",""tarde"",""por"",""un"",""abogado"",""igual"",""os"",""queda"",""mas"",""claro"",""httpstcojceczbig""]","[-61.26273,-37.24755]","@lady_suspiros @GordonIverman @PijusMagnificvs Escrito esta tarde por un abogado, igual os queda m√°s claro
https://t.co/jCeC3z7biG"
"[""riotwomennntemp"",""a"",""thread"",""about"",""trumps"",""florida"",""buddies"",""rodney"",""and"",""adonica"",""howardbrowne"",""are"",""the"",""founders"",""of"",""revival"",""ministries"",""interna""]","[-87.77305,30.88296]"," @RiotwomennnTemp: A thread about Trump's Florida buddies Rodney and Adonica Howard-Browne¬†are the founders of Revival Ministries Interna‚Ä¶"
"[""this"",""is"",""not"",""a"",""reality"",""tv"",""show"",""trump"",""criticized"",""for"",""tweets"",""on"",""tv"",""ratings"",""as"",""coronavirus"",""death"",""toll"",""rises"",""httpstcoewphwrtxb""]","[-94.9027,29.38385]",'This is not a reality TV show': Trump criticized for tweets on TV ratings as coronavirus death toll rises‚Ä¶ https://t.co/EWphwrt6Xb
"[""morethanmysle"",""realdonaldtrump"",""nytimes"",""this"",""is"",""the"",""president"",""of"",""the"",""united"",""states"",""priorities"",""wall"",""street"",""over"",""grieving"",""families"",""r""]","[-87.77305,30.88296]"," @morethanmySLE: @realDonaldTrump @nytimes THIS IS THE PRESIDENT OF THE UNITED STATES PRIORITIES:

WALL STREET OVER GRIEVING FAMILIES.

R‚Ä¶"
"[""omarijhardy"",""marcorubio"",""palm"",""beach"",""county"",""has"",""been"",""begging"",""for"",""a"",""fema"",""testing"",""site"",""we"",""do"",""not"",""have"",""one"",""no"",""indication"",""as"",""yet"",""that"",""we""]","[5.33729,51.63843]"," @OmariJHardy: .@marcorubio
Palm Beach County has been begging for a FEMA testing site.

We don't have one. No indication as yet that we‚Ä¶"
"[""therickwilson"",""this"",""is"",""what"",""you"",""are"",""to"",""him"",""americans"",""an"",""audience"",""not"",""his"",""constituents"",""not"",""the"",""people"",""who"",""hired"",""him"",""not"",""even"",""hum""]","[-77.03637,38.89511]"," @TheRickWilson: This is what you are to him, Americans.

An audience.

Not his constituents. Not the people who hired him.  Not even hum‚Ä¶"
"[""strandjunker"",""i"",""need"",""someone"",""to"",""explain"",""to"",""me"",""why"",""donald"",""trumps"",""blatant"",""coronavirus"",""lies"",""plus"",""his"",""failure"",""to"",""act"",""plus"",""his"",""denial"",""of"",""me""]","[-78.39086,43.09645]"," @Strandjunker: I need someone to explain to me why Donald Trump‚Äôs blatant coronavirus lies plus his failure to act plus his denial of me‚Ä¶"
"[""elpaisamerica"",""en"",""mexico"",""millones"",""de"",""personas"",""viven"",""al"",""dia"",""con"",""lo"",""que"",""llevan"",""a"",""casa"",""trabajando"",""por"",""cuenta"",""propia"",""a"",""traves"",""de"",""negoc""]","[-74.00481,5.02208]"," @elpais_america: En M√©xico, 30 millones de personas viven al d√≠a con lo que llevan a casa trabajando por cuenta propia a trav√©s de negoc‚Ä¶"
"[""my"",""son"",""just"",""came"",""in"",""the"",""room"",""and"",""said"",""it"",""feels"",""like"",""we"",""are"",""in"",""a"",""movie"",""like"",""a"",""quiet"",""place"",""only"",""the"",""monsters"",""are"",""in"",""httpstcolmwnxthjcb""]","[-87.77305,30.88296]","My son just came in the room and said, ""It feels like we're in a movie like A Quiet Place, only the monsters are in‚Ä¶ https://t.co/lMWnxthjcb"
"[""saltymarine"",""well"",""this"",""is"",""counter"",""narrative"",""httpstcobguzmbil""]","[-87.77305,30.88296]"," @saltymarine80: Well this is counter narrative. https://t.co/19BGUzMbil"
"[""juntosvscovid"",""medics"",""de"",""chile"",""apoyando"",""esta"",""iniciativa"",""revisa"",""el"",""documento"",""aca"",""httpstcosfoiego"",""cuarentenatotalchile""]","[-72.56084,-37.0982]"," @juntosvscovid: +6500 medic@s de Chile apoyando esta iniciativa! Revisa el documento aca! https://t.co/8s3Foieg6o  #CuarentenaTOTALChile‚Ä¶"
"[""maryamrajavi"",""i"",""call"",""on"",""the"",""un"",""secretary"",""general"",""the"",""high"",""commissioner"",""for"",""humanrights"",""and"",""the"",""un"",""special"",""rapporteur"",""on"",""violence"",""ag""]","[-1.51181,43.44658]"," @Maryam_Rajavi: I call on the UN Secretary General, the High Commissioner for #HumanRights, and the UN Special Rapporteur on Violence Ag‚Ä¶"
"[""how"",""are"",""hairdressers"",""and"",""barbers"",""an"",""essential""]","[116.7678,-31.88809]",How are hairdressers and barbers an essential?!
"[""tobirachel"",""i"",""survived"",""coronavirus"",""spent"",""nearly"",""weeks"",""indoors"",""in"",""quarantine"",""as"",""my"",""body"",""fought"",""it"",""off"",""yesterday"",""i"",""took"",""my"",""first""]","[-93.01376,30.23687]"," @TobiRachel_: I survived coronavirus. Spent nearly 2 weeks indoors + in quarantine as my body fought it off. Yesterday, I took my first‚Ä¶"
"[""quieroserabuela"",""in"",""germany"",""the"",""fatality"",""rate"",""is"",""by"",""contrast"",""the"",""current"",""rate"",""in"",""italy"",""is"",""in"",""spain"",""its"",""what"",""can"",""we""]","[-8.78483,37.52799]"," @quieroserabuela: In Germany the fatality rate is 0.72%. By contrast, the current rate in Italy is 10.8%. In Spain, it‚Äôs 8%. What can we‚Ä¶"
"[""mariacorinaya"",""alerta"",""al"",""mundo"",""amanecimos"",""con"",""amenazas"",""de"",""grupos"",""criminales"",""del"",""regimen"",""en"",""hogares"",""de"",""dirigentes"",""politicos"",""en"",""todo"",""el"",""p""]","[-78.79336,21.73748]"," @MariaCorinaYA: ALERTA al mundo
Amanecimos con amenazas de grupos criminales del r√©gimen en hogares de dirigentes pol√≠ticos en todo el p‚Ä¶"
"[""karijoys"",""sending"",""you"",""love"",""joytrain"",""joy"",""kindness"",""kjoys"",""mentalhealth"",""mindfulness"",""goldenhearts"",""covid"",""coronaupdate"",""coronav""]","[-7.45,55.13333]"," @KariJoys: Sending you #LOVE!

#JoyTrain #Joy #Kindness #kjoys #MentalHealth #Mindfulness #GoldenHearts  #COVID19 #CoronaUpdate #CoronaV‚Ä¶"
"[""rhm"",""si"",""la"",""evolucion"",""del"",""coronavirus"",""en"",""los"",""estados"",""unidos"",""sigue"",""por"",""donde"",""va"",""es"",""alla"",""donde"",""van"",""a"",""necesitar"",""el"",""gobierno"",""de"",""emergen""]","[-78.79336,21.73748]"," @rhm1947: Si la evoluci√≥n del coronavirus en los Estados Unidos sigue por donde va, es all√° donde van a necesitar el gobierno de emergen‚Ä¶"
"[""demosisto"",""dutch"",""govt"",""found"",""chinamade"",""masks"",""failed"",""to"",""meet"",""quality"",""standards"",""and"",""had"",""defective"",""filters"",""days"",""ago"",""spain"",""and"",""c""]","[106.84513,-6.21462]"," @demosisto: Dutch govt found 600,000 #China-made masks failed to meet quality standards and had defective filters. Days ago, Spain and C‚Ä¶"
"[""usmanturey"",""de"",""grace"",""arretons"",""de"",""faire"",""dire"",""a"",""raoultdidier"",""ce"",""quil"",""na"",""pas"",""dit"",""il"",""na"",""jamais"",""dit"",""quil"",""avait"",""le"",""remede"",""pour"",""covid""]","[1.98333,49.78333]"," @UsmanTurey: De gr√¢ce arr√™tons de faire dire √† #Raoult_didier ce qu'il n'a pas dit. Il n'a jamais dit qu'il avait le rem√®de pour #COVID1‚Ä¶"
"[""evrimagaci"",""mart"",""turkiye"",""koronavirus"",""istatistikleri"",""ackland"",""son"",""saatte"",""vaka"",""says"",""artarak"",""oldu"",""olu"",""says""]","[28.94966,41.01384]"," @evrimagaci: 29 Mart T√ºrkiye Koronavir√ºs istatistikleri a√ßƒ±klandƒ±!

Son 24 saatte:

‚Ä¢ Vaka sayƒ±sƒ± 1815 artarak 9217 oldu.
‚Ä¢ √ñl√º sayƒ±sƒ± 2‚Ä¶"
"[""funder"",""we"",""are"",""a"",""few"",""minutes"",""in"",""to"",""trumps"",""press"",""conference"",""and"",""he"",""has"",""not"",""said"",""one"",""word"",""about"",""the"",""thousands"",""of"",""americans"",""that"",""have"",""died""]","[-80.47922,25.44789]"," @funder: We are a few minutes in to Trump‚Äôs press conference and he hasn‚Äôt said one word about the thousands of Americans that have died‚Ä¶"
"[""mais"",""cest"",""pas"",""possible""]","[5.10485,47.28984]",Mais c‚Äôest pas possible
"[""i"",""believe"",""that"",""among"",""those"",""who"",""think"",""the"",""penny"",""may"",""be"",""dropping"",""over"",""the"",""coronavirus"",""affair"",""the"",""majority"",""will"",""httpstcomyskrwfn""]","[-82.82483,42.17509]","I believe that, among those who THINK, the penny may be dropping over the Coronavirus Affair  !   The majority will‚Ä¶ https://t.co/mys2K2Rwfn"
"[""repstefanik"",""i"",""am"",""deeply"",""saddened"",""and"",""heartbroken"",""to"",""learn"",""of"",""the"",""first"",""death"",""from"",""coronavirus"",""in"",""our"",""region"",""my"",""deepest"",""and"",""most"",""heart""]","[-94.9027,29.38385]"," @RepStefanik: I am deeply saddened and heartbroken to learn of the first death from coronavirus in our region. My deepest and most heart‚Ä¶"
"[""overheardonduty"",""idk"",""this"",""coronavirus"",""really"",""has"",""not"",""effected"",""how"",""we"",""work"",""what"",""are"",""you"",""talking"",""about"",""it"",""is"",""completely"",""changed""]","[-1.28162,53.34061]"," @OverheardOnDuty: üëÆ‚Äç‚ôÇÔ∏èIdk this coronavirus really hasn't effected how we work.

üëÆ‚Äç‚ôÄÔ∏èWhat are you talking about? It's completely changed‚Ä¶"
"[""thegoodgodabove"",""if"",""you"",""think"",""trump"",""is"",""doing"",""a"",""good"",""job"",""against"",""coronavirus"",""its"",""because"",""your"",""brain"",""is"",""literally"",""a"",""pile"",""of"",""shit"",""your""]","[8.68417,50.11552]"," @thegoodgodabove: If you think Trump is doing a good job against coronavirus it‚Äôs because your brain is literally a pile of shit. 

Your‚Ä¶"
"[""npr"",""coronavirus"",""briefing"",""get"",""the"",""latest"",""updates"",""on"",""the"",""outbreak"",""from"",""the"",""white"",""house"",""coronavirus"",""task"",""force"",""watch"",""live"",""httpstco""]","[6.09444,52.5125]"," @NPR: Coronavirus briefing: Get the latest updates on the outbreak from the White House coronavirus task force. Watch live. https://t.co‚Ä¶"
"[""piersmorgan"",""what"",""the"",""fck"",""is"",""wrong"",""with"",""people"",""why"",""cannot"",""they"",""get"",""it"",""into"",""their"",""thick"",""heads"",""how"",""serious"",""this"",""is"",""so"",""selfish""]","[150.73515,-33.64656]"," @piersmorgan: What the f*ck is wrong with people? Why can‚Äôt they get it into their thick heads how serious this is? So selfish. üò°"
"[""roper"",""americans"",""tested"",""positive"",""for"",""the"",""coronavirus"",""americans"",""are"",""dead"",""but"",""the"",""president"",""of"",""the"",""united"",""states"",""is""]","[-91.05153,39.44894]"," @roper_93: 135,500 Americans tested positive for the Coronavirus.

2381 Americans are dead.

But, the President of the United States is‚Ä¶"
"[""fgliszczynski"",""coronavirus"",""des"",""cas"",""de"",""toxicite"",""cardiaque"",""apres"",""la"",""prise"",""dhydroxychloroquine"",""en"",""automedication"",""ars"",""httpstcon""]","[1.7726,45.81376]"," @FGliszczynski: #Coronavirus: des ""cas de toxicit√© cardiaque"" apr√®s la prise d'hydroxychloroquine en autom√©dication (ARS) https://t.co/n‚Ä¶"
"[""donjazzy"",""i"",""wish"",""for"",""this"",""too"",""especially"",""with"",""this"",""lockdown"",""everywhere""]","[5.23494,11.43522]",@DONJAZZY I wish for this too. Especially with this lockdown everywhere
"[""joshmadj"",""give"",""it"",""a"",""couple"",""of"",""weeks"",""the"",""dinasours"",""are"",""making"",""a"",""comeback""]","[-3.00742,16.77348]"," @joshmadj: Give it a couple of weeks, the dinasours are making a comeback."
"[""jaimeberenguer"",""ayer"",""en"",""espana"",""murio"",""por"",""coronavirus"",""una"",""persona"",""cada"",""dos"",""minutos"",""que"",""nadie"",""me"",""pida"",""que"",""me"",""calle"",""porque"",""no"",""lo"",""voy"",""a"",""h""]","[-72.56084,-37.0982]"," @jaimeberenguer: Ayer en Espa√±a muri√≥ por #coronavirus una persona cada dos minutos.
Que nadie me pida que me calle porque no lo voy a h‚Ä¶"
"[""olabodela"",""alhamdulillah"",""our"",""first"",""lady"",""is"",""safe""]","[12.14005,44.76282]"," @OlabodeLA: Alhamdulillah, our first lady is safe."
"[""sethabramson"",""a"",""single"",""maryland"",""nursing"",""home"",""announced"",""new"",""coronavirus"",""cases"",""today"",""nypd"",""has"",""positive"",""cases"",""india"",""pop""]","[-87.77305,30.88296]"," @SethAbramson: A single Maryland nursing home announced 66 new coronavirus cases today.

NYPD has 700+ positive cases.

India (pop. 1.34‚Ä¶"
"[""tacticalreview"",""breaking"",""news"",""covid"",""has"",""actually"",""lowered"",""the"",""death"",""rate"",""in"",""chicago""]","[116.7678,-31.88809]"," @Tactical_review: Breaking news, #COVID19 has actually lowered the death rate in Chicago."
"[""drpascalmeier"",""why"",""everyone"",""should"",""wear"",""masks"",""covid"",""httpstcoomqpcqfmt"",""httpstcombnzoqvt""]","[14.29004,48.20969]"," @DrPascalMeier: Why everyone should wear masks #covid19  https://t.co/oM5QpcqFmT https://t.co/mB9nz6oqVT"
"[""caissesdegreve"",""soignante"",""chinoise"",""se"",""preparant"",""a"",""soigner"",""des"",""patients"",""infectes"",""par"",""le"",""coronavirus"",""sans"",""commentaires"",""covid"",""htt""]","[-0.43635,44.75056]"," @caissesdegreve: Soignante chinoise se pr√©parant √† soigner des patients infect√©s par le Coronavirus

Sans commen